<!-- Exemple de structure du fichier XML du CV -->
<resume>
    <personal_info>
        <name>Paul Claret</name>
        <age>35</age>
        <email>paul.claret@edu.ece.fr</email>
        <contact>10 rue sextius michel</contact>
    </personal_info>
    <education>
        <degree>Master in Physical Education</degree>
        <institution>University of Sports</institution>
        <year>2010</year>
    </education>
    <experience>
        <job_title>Personal Trainer</job_title>
        <company>Fitness World</company>
        <duration>5 years</duration>
    </experience>
</resume>
